mean_fit_time,std_fit_time,mean_score_time,std_score_time,param_model__C,param_model__class_weight,split0_test_score,split1_test_score,split2_test_score,split3_test_score,split4_test_score,mean_test_score,std_test_score,rank_test_score
0.017493534088134765,0.00021187573261176855,0.005637025833129883,0.00015488736698516837,0.003,,0.8784954737103174,0.8928571428571428,0.8998558407738095,0.8797588045634922,0.8954148065476191,0.8892764136904763,0.008593477945454226,16
0.018095779418945312,0.0004994353197157747,0.005637598037719726,0.0005241890074164632,0.003,balanced,0.8795727926587302,0.8937639508928572,0.9004216269841269,0.8798673115079365,0.8958565848214286,0.889896453373016,0.008583957602247774,15
0.01752362251281738,0.00031420643891753625,0.0054951667785644535,0.0002152676901314709,0.01,,0.8818204365079365,0.8958953373015873,0.904141865079365,0.882107204861111,0.8960193452380953,0.891996837797619,0.008720602444705272,3
0.018320798873901367,0.00040683370768212525,0.005558395385742187,0.0006271593286560267,0.01,balanced,0.8822699652777779,0.8962518601190476,0.9034985739087302,0.8817584325396826,0.8958255828373015,0.891920882936508,0.008537711433900039,4
0.019536638259887697,0.0011795211943624246,0.005479335784912109,0.0002866102319177137,0.03,,0.881711929563492,0.8965386284722223,0.9052966889880952,0.882448226686508,0.8949110243055556,0.8921812996031747,0.008975428323716556,1
0.023267745971679688,0.003718461720929481,0.005800437927246094,0.0005328994223887571,0.03,balanced,0.8825567336309524,0.8965153769841269,0.9048859126984128,0.8818436879960317,0.8947715153769841,0.8921146453373016,0.008790641709644036,2
0.02084217071533203,0.0006979732892068267,0.005719804763793945,0.0002482542473569427,0.1,,0.8806036086309524,0.8965696304563492,0.9056687127976191,0.8820219494047619,0.8935159350198413,0.8916759672619048,0.009369392028051947,5
0.02482776641845703,0.002741358737522871,0.005396795272827148,0.0001395295435365769,0.1,balanced,0.8814871651785714,0.8966083829365079,0.9054439484126984,0.8813864087301586,0.8931439112103174,0.8916139632936508,0.009227224599006276,6
0.029088449478149415,0.005009472122764843,0.005537223815917969,0.00011431074686569991,0.3,,0.8799603174603173,0.8967246403769842,0.9056222098214286,0.8817971850198413,0.892516121031746,0.8913240947420636,0.009538557098612194,7
0.029568290710449217,0.003531827964992434,0.00790400505065918,0.0019363291708062423,0.3,balanced,0.8808361235119048,0.8968486483134921,0.9054206969246033,0.8810531374007936,0.8923533606150794,0.8913023933531745,0.009442266930913877,8
0.027408313751220704,0.0043370860552376655,0.006496953964233399,0.0020320325975669595,1.0,,0.8794487847222223,0.8968408978174603,0.905304439484127,0.8814639136904762,0.891872829861111,0.8909861731150794,0.009631837507122204,9
0.025667810440063478,0.0027508488252439415,0.006423377990722656,0.00204311429173323,1.0,balanced,0.8802160838293651,0.8968796502976191,0.9051881820436508,0.8804796006944445,0.8916790674603174,0.8908885168650794,0.009625439595348187,10
0.023114871978759766,0.0022677109194114927,0.005575847625732422,0.00039162872392234024,3.0,,0.8793015252976191,0.8969106522817459,0.9049169146825398,0.8810143849206349,0.8911907862103174,0.8906668526785715,0.009640172272749714,13
0.02291879653930664,0.0015933837720368417,0.005379199981689453,0.00016541150431492437,3.0,balanced,0.8800688244047621,0.8969494047619047,0.9050486731150793,0.880309089781746,0.891632564484127,0.8908017113095237,0.009661783896431783,11
0.025078773498535156,0.00288317732283334,0.005989885330200196,0.0009027406550949472,10.0,,0.8792007688492064,0.89697265625,0.9048781622023809,0.8810531374007935,0.8910900297619048,0.8906389508928572,0.009651883372511248,14
0.02278275489807129,0.001015430672326552,0.005135631561279297,0.00011380781449372875,10.0,balanced,0.8799603174603174,0.8969029017857142,0.9049169146825397,0.880247085813492,0.891539558531746,0.8907133556547618,0.00965302870976926,12
