mean_fit_time,std_fit_time,mean_score_time,std_score_time,param_model__l2_regularization,param_model__learning_rate,param_model__max_depth,param_model__max_iter,split0_test_score,split1_test_score,split2_test_score,split3_test_score,split4_test_score,mean_test_score,std_test_score,rank_test_score
0.1578580379486084,0.002380766579743054,0.010477161407470703,0.0020550764145257686,0.0,0.03,2,150,0.8854166666666667,0.8791542658730158,0.8906327504960317,0.8668426029265873,0.8845292348710316,0.8813151041666668,0.008100549345824454,15
0.28118171691894533,0.016579911649903394,0.014330673217773437,0.0047400935711896875,0.0,0.03,2,300,0.8865404885912699,0.8852461557539683,0.8952520461309523,0.8723880828373015,0.8890438988095238,0.8856941344246032,0.007490562151528549,2
0.2023463726043701,0.016714842518303106,0.010779523849487304,0.0028681929612361908,0.0,0.03,3,150,0.8846183655753969,0.8811383928571429,0.8912217881944443,0.8735119047619048,0.8905862475198413,0.884215339781746,0.006540219234219309,7
0.36064848899841306,0.030846568278971063,0.014882850646972656,0.002796274041218123,0.0,0.03,3,300,0.8825954861111112,0.8835410466269841,0.89208984375,0.8753255208333334,0.8898964533730158,0.8846896701388889,0.005920564095638292,6
0.49954791069030763,0.0416887670471458,0.015326118469238282,0.001225218214214702,0.0,0.03,,150,0.878053695436508,0.8873775421626984,0.8876023065476191,0.8759843129960317,0.8855871775793651,0.8829210069444444,0.004913088279890145,11
0.9414790153503418,0.016728794637663125,0.02770719528198242,0.001511945262174241,0.0,0.03,,300,0.8717060391865079,0.8870597718253967,0.8795727926587302,0.8700784350198413,0.8807431175595237,0.87783203125,0.006233809480129211,18
0.15703697204589845,0.011713209613789948,0.008794164657592774,0.0012952124680735448,0.0,0.1,2,150,0.8828512524801587,0.883238777281746,0.8977864583333333,0.8742016989087302,0.887331039186508,0.8850818452380953,0.007657886066130064,4
0.2602804183959961,0.024283030343267377,0.011045885086059571,0.0006987301598814532,0.0,0.1,2,300,0.8796425471230158,0.8807508680555556,0.8922758556547619,0.8725430927579365,0.8825489831349206,0.8815522693452381,0.0063473346767077944,13
0.1887986183166504,0.018855526910960128,0.010457754135131836,0.0015943229830305188,0.0,0.1,3,150,0.8814174107142857,0.8849903893849207,0.8904544890873016,0.8733103918650794,0.8849981398809524,0.8830341641865079,0.005655278580892983,10
0.35602555274963377,0.012328972188759443,0.01590242385864258,0.0030645015168357507,0.0,0.1,3,300,0.8722408234126984,0.8798595610119048,0.8818436879960319,0.8644050719246033,0.8757207961309522,0.8748139880952381,0.006175168012241108,21
0.41526570320129397,0.03018413127600145,0.015628337860107422,0.0016698766271961982,0.0,0.1,,150,0.868621341765873,0.880006820436508,0.875341021825397,0.8651956225198414,0.8816344246031745,0.8741598462301587,0.006363708721184279,22
0.8086140155792236,0.08869028429336762,0.023873615264892577,0.0021748597798009212,0.0,0.1,,300,0.8645523313492063,0.870876736111111,0.872217571924603,0.8656684027777778,0.877720424107143,0.8702070932539682,0.004764800730118245,24
0.16875653266906737,0.011609507803021456,0.014011669158935546,0.002085568209312477,1.0,0.03,2,150,0.8848353794642856,0.878782242063492,0.890260726686508,0.8664008246527778,0.8845951140873016,0.8809748573908729,0.008141833331970097,16
0.30287461280822753,0.012064690315879967,0.013570356369018554,0.001356992852888814,1.0,0.03,2,300,0.887269035218254,0.8842075892857142,0.895903087797619,0.8725740947420635,0.8893384176587301,0.885858444940476,0.007670646775416389,1
0.1974843978881836,0.012240527529721086,0.011467409133911134,0.0031932928323910137,1.0,0.03,3,150,0.8838743179563493,0.8818514384920635,0.8896251860119048,0.8730933779761905,0.8907877604166666,0.883846416170635,0.006343263918190903,9
0.3733354568481445,0.0070758101827131875,0.014446353912353516,0.0022291077501948114,1.0,0.03,3,300,0.881463913690476,0.8839518229166666,0.8925858754960317,0.8755502852182541,0.8906947544642856,0.8848493303571427,0.006209056607668794,5
0.4707991600036621,0.0446031673937823,0.01528620719909668,0.0012877276372678993,1.0,0.03,,150,0.8763873387896826,0.8873077876984128,0.8908187624007936,0.875519283234127,0.889346168154762,0.8838758680555555,0.006569880028480162,8
0.8840136528015137,0.08293787044971318,0.024875640869140625,0.0012915313077581543,1.0,0.03,,300,0.8720470610119048,0.8861142113095238,0.8840448288690476,0.8674355158730158,0.8837658110119047,0.8786814856150794,0.007487972383818749,17
0.16697378158569337,0.017344348656703347,0.01498098373413086,0.004193563950050736,1.0,0.1,2,150,0.8855329241071429,0.8847191220238094,0.8948490203373015,0.8744264632936508,0.8878580729166667,0.8854771205357143,0.006575654209210791,3
0.27644953727722166,0.018829000089375877,0.012819862365722657,0.0021394782231220176,1.0,0.1,2,300,0.8825954861111112,0.8811151413690474,0.8928028893849207,0.8729306175595238,0.8819134424603177,0.8822715153769842,0.0063203256977426205,12
0.20695939064025878,0.0027946222683258725,0.010504579544067383,0.0021694075344089172,1.0,0.1,3,150,0.8797200520833333,0.8815956721230159,0.8907490079365079,0.8715200272817462,0.8836960565476191,0.8814561631944444,0.0062150531299511825,14
0.33281450271606444,0.02898539841699405,0.012597465515136718,0.0016699534180530618,1.0,0.1,3,300,0.8742947048611112,0.8787512400793652,0.8832155257936509,0.8638625372023809,0.8767903645833333,0.8753828745039683,0.006458786664889589,20
0.4302050113677979,0.034566463484100224,0.014656162261962891,0.0002343600351087256,1.0,0.1,,150,0.8729073660714286,0.878386966765873,0.8813476562500001,0.8685205853174603,0.8792472718253969,0.8760819692460318,0.0046970681459955295,19
0.7802898406982421,0.03131770712488776,0.023291921615600585,0.0005894062500652614,1.0,0.1,,300,0.8664357018849206,0.8749999999999999,0.8800145709325397,0.8638547867063492,0.8718455481150793,0.8714301215277777,0.0058127327198916464,23
